{"cameraMode":{"drawMode":0,"name":"Shaded","section":"Shading Mode"},"sceneLighting":true,"audioPlay":false,"sceneViewState":{"m_AlwaysRefresh":false,"showFog":true,"showSkybox":true,"showFlares":true,"showImageEffects":true,"showParticleSystems":true,"showVisualEffectGraphs":true,"m_FxEnabled":true},"in2DMode":false,"pivot":{"x":26.672914505004884,"y":45.159217834472659,"z":26.802335739135743},"rotation":{"x":0.725938081741333,"y":-0.0010316409170627595,"z":0.0010889088734984398,"w":0.6877589225769043},"size":26.51783561706543,"orthographic":true}