{"cameraMode":{"drawMode":0,"name":"Shaded","section":"Shading Mode"},"sceneLighting":true,"audioPlay":false,"sceneViewState":{"m_AlwaysRefresh":false,"showFog":true,"showSkybox":true,"showFlares":true,"showImageEffects":true,"showParticleSystems":true,"showVisualEffectGraphs":true,"m_FxEnabled":true},"in2DMode":false,"pivot":{"x":4.534867286682129,"y":2.2505922317504885,"z":4.288357734680176},"rotation":{"x":0.6942761540412903,"y":0.0010853619314730168,"z":-0.0010354166151955724,"w":0.7197325229644775},"size":6.489531517028809,"orthographic":true}