{"cameraMode":{"drawMode":0,"name":"Shaded","section":"Shading Mode"},"sceneLighting":true,"audioPlay":false,"sceneViewState":{"m_AlwaysRefresh":false,"showFog":true,"showSkybox":true,"showFlares":true,"showImageEffects":true,"showParticleSystems":true,"showVisualEffectGraphs":true,"m_FxEnabled":true},"in2DMode":false,"pivot":{"x":30.196243286132814,"y":629.3153076171875,"z":-30.021583557128908},"rotation":{"x":0.6767998933792114,"y":-0.001099273795261979,"z":0.0010205981088802219,"w":0.7361809015274048},"size":26.54414939880371,"orthographic":true}