{"cameraMode":{"drawMode":0,"name":"Shaded","section":"Shading Mode"},"sceneLighting":true,"audioPlay":false,"sceneViewState":{"m_AlwaysRefresh":false,"showFog":true,"showSkybox":true,"showFlares":true,"showImageEffects":true,"showParticleSystems":true,"showVisualEffectGraphs":true,"m_FxEnabled":true},"in2DMode":false,"pivot":{"x":3.443040370941162,"y":0.26650285720825198,"z":3.6104955673217775},"rotation":{"x":0.725938081741333,"y":-0.0010316409170627595,"z":0.0010889088734984398,"w":0.6877589225769043},"size":4.310904502868652,"orthographic":true}