{"cameraMode":{"drawMode":0,"name":"Shaded","section":"Shading Mode"},"sceneLighting":true,"audioPlay":false,"sceneViewState":{"m_AlwaysRefresh":false,"showFog":true,"showSkybox":true,"showFlares":true,"showImageEffects":true,"showParticleSystems":true,"showVisualEffectGraphs":true,"m_FxEnabled":true},"in2DMode":false,"pivot":{"x":22.40125846862793,"y":0.5705490112304688,"z":19.885845184326173},"rotation":{"x":0.45837005972862246,"y":0.47036999464035036,"z":-0.3145979940891266,"w":0.685329794883728},"size":25.368093490600587,"orthographic":false}