{"cameraMode":{"drawMode":0,"name":"Shaded","section":"Shading Mode"},"sceneLighting":true,"audioPlay":false,"sceneViewState":{"m_AlwaysRefresh":false,"showFog":true,"showSkybox":true,"showFlares":true,"showImageEffects":true,"showParticleSystems":true,"showVisualEffectGraphs":true,"m_FxEnabled":true},"in2DMode":false,"pivot":{"x":20.285913467407228,"y":0.865970253944397,"z":9.225715637207032},"rotation":{"x":0.7144975066184998,"y":0.000002743127652138355,"z":0.0000027325047540216475,"w":0.6996486186981201},"size":15.787936210632325,"orthographic":true}