{"cameraMode":{"drawMode":0,"name":"Shaded","section":"Shading Mode"},"sceneLighting":false,"audioPlay":false,"sceneViewState":{"m_AlwaysRefresh":false,"showFog":true,"showSkybox":false,"showFlares":true,"showImageEffects":true,"showParticleSystems":true,"showVisualEffectGraphs":true,"m_FxEnabled":true},"in2DMode":false,"pivot":{"x":17.111047744750978,"y":20.020174026489259,"z":4.639068603515625},"rotation":{"x":0.12804581224918366,"y":0.001487718429416418,"z":-0.0001918528723763302,"w":0.9917692542076111},"size":51.921295166015628,"orthographic":true}